PSU Readback Voltage,PSU Readback Current,PSU Voltage Set,Load Current Set,DMM Voltage Measured,Programming/Voltage Absolute Error (V),Relative/Voltage Percentage Error (%),PSU Readback Voltage Error (V),PSU Readback Voltage Percentage Error (%),Programming Upper Error Boundary (V),Programming Lower Error Boundary (V),Programming Condition,Readback Upper Error Boundary (V),Readback Lower Error Boundary (V),Readback Condition,Programming Upper Percentage Error Boundary (%),Programming Lower Percentage Error Boundary (%),Programming Percentage Condition,Readback Upper Percentage Error Boundary (%),Readback Lower Percentage Error Boundary (%),Readback Percentage Condition
0.9999266,0.9993638,1.0,1.0,0.999894769,-0.000105231,-1.9132909090909094,3.183100000003769e-05,0.5787454545461398,0.0055,-0.0055,PASS,0.0055,-0.0055,PASS,100.0,-100.0,PASS,100.0,-100.0,PASS
2.000071,0.9993638,2.0,1.0,2.00028303,0.0002830299999998,4.717166666663333,-0.0002120299999996,-3.5338333333266663,0.006,-0.006,PASS,0.006,-0.006,PASS,100.0,-100.0,PASS,100.0,-100.0,PASS
2.998217,0.9993638,3.0,1.0,2.99886296,-0.0011370400000001,-17.492923076924612,-0.0006459599999999,-9.937846153844616,0.006500000000000001,-0.006500000000000001,PASS,0.006500000000000001,-0.006500000000000001,PASS,100.0,-100.0,PASS,100.0,-100.0,PASS
3.999412,0.9993638,4.0,1.0,3.99936934,-0.0006306600000001,-9.009428571429998,4.266000000008319e-05,0.6094285714297598,0.007,-0.007,PASS,0.007,-0.007,PASS,100.0,-100.0,PASS,100.0,-100.0,PASS
4.999619,0.9993638,5.0,1.0,4.9998641,-0.0001359,-1.812,-0.0002450999999998,-3.2679999999973335,0.0075,-0.0075,PASS,0.0075,-0.0075,PASS,100.0,-100.0,PASS,100.0,-100.0,PASS
5.999847,0.9996893,6.0,1.0,6.00033002,0.0003300199999998,4.1252499999975,-0.0004830199999998,-6.0377499999975,0.008,-0.008,PASS,0.008,-0.008,PASS,100.0,-100.0,PASS,100.0,-100.0,PASS
6.998078,0.9993638,7.0,1.0,6.99894132,-0.0010586799999998,-12.45505882352706,-0.0008633200000005,-10.156705882358823,0.0085,-0.0085,PASS,0.0085,-0.0085,PASS,100.0,-100.0,PASS,100.0,-100.0,PASS
7.998348,0.9993638,8.0,1.0,7.99946173,-0.0005382699999998,-5.980777777775554,-0.0011137300000001,-12.374777777778888,0.009000000000000001,-0.009000000000000001,PASS,0.009000000000000001,-0.009000000000000001,PASS,100.0,-100.0,PASS,100.0,-100.0,PASS
8.999648,0.9996893,9.0,1.0,9.0000499,4.990000000049122e-05,0.5252631578999075,-0.0004018999999999,-4.2305263157884205,0.009500000000000001,-0.009500000000000001,PASS,0.009500000000000001,-0.009500000000000001,PASS,100.0,-100.0,PASS,100.0,-100.0,PASS
9.997941,0.9993638,10.0,1.0,9.99868377,-0.0013162300000004,-13.162300000003999,-0.0007427699999986,-7.427699999985999,0.01,-0.01,PASS,0.01,-0.01,PASS,100.0,-100.0,PASS,100.0,-100.0,PASS
10.99928,0.9993638,11.0,1.0,10.9992986,-0.0007014000000005,-6.680000000004763,-1.859999999886952e-05,-0.1771428571320907,0.010499999999999999,-0.010499999999999999,PASS,0.010499999999999999,-0.010499999999999999,PASS,100.0,-100.0,PASS,100.0,-100.0,PASS
11.99964,0.9993638,12.0,1.0,11.9999577,-4.230000000049472e-05,-0.384545454549952,-0.0003177,-2.8881818181818186,0.011,-0.011,PASS,0.011,-0.011,PASS,100.0,-100.0,PASS,100.0,-100.0,PASS
13.00001,0.9993638,13.0,1.0,13.0008023,0.0008023000000001,6.976521739131305,-0.0007923000000005,-6.889565217395653,0.0115,-0.0115,PASS,0.0115,-0.0115,PASS,100.0,-100.0,PASS,100.0,-100.0,PASS
13.9994,0.9993638,14.0,1.0,13.9993944,-0.0006056,-5.046666666666667,5.599999999716943e-06,0.04666666666430786,0.012,-0.012,PASS,0.012,-0.012,PASS,100.0,-100.0,PASS,100.0,-100.0,PASS
14.99982,0.9993638,15.0,1.0,15.0000861,8.610000000075502e-05,0.6888000000060401,-0.000266100000001,-2.128800000008,0.0125,-0.0125,PASS,0.0125,-0.0125,PASS,100.0,-100.0,PASS,100.0,-100.0,PASS
16.00026,0.9993638,16.0,1.0,16.0006928,0.0006927999999994,5.329230769226154,-0.0004327999999986,-3.329230769219999,0.013000000000000001,-0.013000000000000001,PASS,0.013000000000000001,-0.013000000000000001,PASS,100.0,-100.0,PASS,100.0,-100.0,PASS
16.9987,0.9993638,17.0,1.0,16.9993951,-0.000604899999999,-4.480740740733333,-0.0006951000000015,-5.148888888899999,0.013500000000000002,-0.013500000000000002,PASS,0.013500000000000002,-0.013500000000000002,PASS,100.0,-100.0,PASS,100.0,-100.0,PASS
18.00019,0.9993638,18.0,1.0,17.9999993,-7.000000010748408e-07,-0.0050000000076774334,0.0001907000000009,1.3621428571492855,0.014000000000000002,-0.014000000000000002,PASS,0.014000000000000002,-0.014000000000000002,PASS,100.0,-100.0,PASS,100.0,-100.0,PASS
19.00069,0.9993638,19.0,1.0,19.0005282,0.0005282000000015,3.6427586207000004,0.0001617999999972,1.115862068946207,0.014499999999999999,-0.014499999999999999,PASS,0.014499999999999999,-0.014499999999999999,PASS,100.0,-100.0,PASS,100.0,-100.0,PASS
20.00121,0.9996893,20.0,1.0,20.0010255,0.0010255000000007,6.836666666671333,0.0001844999999995,1.2299999999966666,0.015,-0.015,PASS,0.015,-0.015,PASS,100.0,-100.0,PASS,100.0,-100.0,PASS
20.99973,0.9996893,21.0,1.0,20.9996995,-0.0003005000000015,-1.9387096774290322,3.0500000001154604e-05,0.19677419355583614,0.0155,-0.0155,PASS,0.0155,-0.0155,PASS,100.0,-100.0,PASS,100.0,-100.0,PASS
22.0003,0.9996893,22.0,1.0,22.0001668,0.0001667999999988,1.0424999999925,0.0001332000000004,0.8325000000025,0.016,-0.016,PASS,0.016,-0.016,PASS,100.0,-100.0,PASS,100.0,-100.0,PASS
23.00089,0.9996893,23.0,1.0,23.0007328,0.0007328000000015,4.441212121221212,0.0001571999999967,0.9527272727072729,0.0165,-0.0165,PASS,0.0165,-0.0165,PASS,100.0,-100.0,PASS,100.0,-100.0,PASS
24.00048,0.9993638,24.0,1.0,23.9993785,-0.0006215000000011,-3.6558823529476467,0.0011015000000007,6.47941176471,0.017,-0.017,PASS,0.017,-0.017,PASS,100.0,-100.0,PASS,100.0,-100.0,PASS
25.00111,0.9996893,25.0,1.0,24.9999352,-6.48000000005311e-05,-0.37028571428874907,0.0011748000000011,6.713142857149141,0.0175,-0.0175,PASS,0.0175,-0.0175,PASS,100.0,-100.0,PASS,100.0,-100.0,PASS
26.00176,0.9996893,26.0,1.0,26.0005122,0.0005121999999992,2.8455555555511105,0.0012478000000015,6.932222222230555,0.018000000000000002,-0.018000000000000002,PASS,0.018000000000000002,-0.018000000000000002,PASS,100.0,-100.0,PASS,100.0,-100.0,PASS
27.00243,0.9996893,27.0,1.0,27.0011037,0.0011037000000015,5.965945945954055,0.0013262999999987,7.169189189182163,0.0185,-0.0185,PASS,0.0185,-0.0185,PASS,100.0,-100.0,PASS,100.0,-100.0,PASS
28.0011,0.9996893,28.0,1.0,27.9997363,-0.0002637000000014,-1.3878947368494736,0.0013637000000024,7.177368421065264,0.019,-0.019,PASS,0.019,-0.019,PASS,100.0,-100.0,PASS,100.0,-100.0,PASS
29.00282,0.9996893,29.0,1.0,29.0003893,0.0003892999999983,1.9964102564015385,0.0024307000000014,12.465128205135384,0.0195,-0.0195,PASS,0.0195,-0.0195,PASS,100.0,-100.0,PASS,100.0,-100.0,PASS
30.00355,0.9996893,30.0,1.0,30.0010706,0.0010705999999984,5.352999999992,0.0024794000000021,12.3970000000105,0.02,-0.02,PASS,0.02,-0.02,PASS,100.0,-100.0,PASS,100.0,-100.0,PASS
31.00431,0.9996893,31.0,1.0,31.0016159,0.0016159000000008,7.882439024394146,0.0026940999999993,13.14195121950878,0.0205,-0.0205,PASS,0.0205,-0.0205,PASS,100.0,-100.0,PASS,100.0,-100.0,PASS
32.00407,0.9996893,32.0,1.0,32.0004971,0.0004970999999969,2.3671428571280955,0.0035729000000017,17.01380952381762,0.021,-0.021,PASS,0.021,-0.021,PASS,100.0,-100.0,PASS,100.0,-100.0,PASS
1.000936,1.999119,1.0,2.0,1.00025704,0.0002570399999999,4.673454545452727,0.0006789600000001,12.344727272729092,0.0055,-0.0055,PASS,0.0055,-0.0055,PASS,100.0,-100.0,PASS,100.0,-100.0,PASS
2.00108,1.999444,2.0,2.0,2.00055566,0.0005556599999998,9.260999999996667,0.0005243400000001,8.739000000001667,0.006,-0.006,PASS,0.006,-0.006,PASS,100.0,-100.0,PASS,100.0,-100.0,PASS
2.999226,1.999119,3.0,2.0,2.99898946,-0.0010105399999997,-15.546769230764616,0.0002365399999999,3.6390769230753843,0.006500000000000001,-0.006500000000000001,PASS,0.006500000000000001,-0.006500000000000001,PASS,100.0,-100.0,PASS,100.0,-100.0,PASS
3.999412,1.999444,4.0,2.0,3.99947411,-0.00052589,-7.512714285714285,-6.21100000000041e-05,-0.8872857142857729,0.007,-0.007,PASS,0.007,-0.007,PASS,100.0,-100.0,PASS,100.0,-100.0,PASS
4.999619,1.999444,5.0,2.0,4.99989814,-0.00010186,-1.3581333333333334,-0.0002791399999999,-3.721866666665334,0.0075,-0.0075,PASS,0.0075,-0.0075,PASS,100.0,-100.0,PASS,100.0,-100.0,PASS
5.999847,1.999444,6.0,2.0,6.00038367,0.0003836699999997,4.795874999996251,-0.0005366699999997,-6.70837499999625,0.008,-0.008,PASS,0.008,-0.008,PASS,100.0,-100.0,PASS,100.0,-100.0,PASS
6.998078,1.999444,7.0,2.0,6.99901751,-0.0009824900000001,-11.558705882354118,-0.0009395100000002,-11.053058823531764,0.0085,-0.0085,PASS,0.0085,-0.0085,PASS,100.0,-100.0,PASS,100.0,-100.0,PASS
7.999357,1.999444,8.0,2.0,7.99953228,-0.0004677199999996,-5.196888888884444,-0.0001752800000005,-1.9475555555611108,0.009000000000000001,-0.009000000000000001,PASS,0.009000000000000001,-0.009000000000000001,PASS,100.0,-100.0,PASS,100.0,-100.0,PASS
8.999648,1.999444,9.0,2.0,9.00009048,9.048000000078105e-05,0.9524210526398004,-0.0004424800000002,-4.65768421052842,0.009500000000000001,-0.009500000000000001,PASS,0.009500000000000001,-0.009500000000000001,PASS,100.0,-100.0,PASS,100.0,-100.0,PASS
9.997941,1.999444,10.0,2.0,9.99873939,-0.0012606099999992,-12.606099999991999,-0.0007983899999999,-7.983899999999,0.01,-0.01,PASS,0.01,-0.01,PASS,100.0,-100.0,PASS,100.0,-100.0,PASS
10.99827,1.999119,11.0,2.0,10.9993217,-0.0006783000000005,-6.4600000000047615,-0.0010516999999996,-10.016190476186667,0.010499999999999999,-0.010499999999999999,PASS,0.010499999999999999,-0.010499999999999999,PASS,100.0,-100.0,PASS,100.0,-100.0,PASS
11.99964,1.999444,12.0,2.0,12.000197,0.000197,1.790909090909091,-0.0005570000000005,-5.063636363640909,0.011,-0.011,PASS,0.011,-0.011,PASS,100.0,-100.0,PASS,100.0,-100.0,PASS
13.00001,1.999444,13.0,2.0,13.0007038,0.0007038000000001,6.12000000000087,-0.0006938000000005,-6.033043478265218,0.0115,-0.0115,PASS,0.0115,-0.0115,PASS,100.0,-100.0,PASS,100.0,-100.0,PASS
13.9994,1.999444,14.0,2.0,13.9994653,-0.0005346999999993,-4.4558333333275,-6.530000000104508e-05,-0.5441666666753757,0.012,-0.012,PASS,0.012,-0.012,PASS,100.0,-100.0,PASS,100.0,-100.0,PASS
14.99982,1.999444,15.0,2.0,15.0000574,5.739999999931911e-05,0.45919999999455285,-0.0002373999999996,-1.8991999999968,0.0125,-0.0125,PASS,0.0125,-0.0125,PASS,100.0,-100.0,PASS,100.0,-100.0,PASS
16.00026,1.999119,16.0,2.0,16.0006791,0.0006790999999992,5.223846153839999,-0.0004190999999984,-3.223846153833846,0.013000000000000001,-0.013000000000000001,PASS,0.013000000000000001,-0.013000000000000001,PASS,100.0,-100.0,PASS,100.0,-100.0,PASS
16.9987,1.999444,17.0,2.0,16.9993734,-0.0006266000000003,-4.641481481483703,-0.0006734000000001,-4.9881481481488885,0.013500000000000002,-0.013500000000000002,PASS,0.013500000000000002,-0.013500000000000002,PASS,100.0,-100.0,PASS,100.0,-100.0,PASS
17.99918,1.999444,18.0,2.0,17.9999459,-5.409999999983484e-05,-0.3864285714273917,-0.000765900000001,-5.470714285721428,0.014000000000000002,-0.014000000000000002,PASS,0.014000000000000002,-0.014000000000000002,PASS,100.0,-100.0,PASS,100.0,-100.0,PASS
19.00069,1.999444,19.0,2.0,19.0004424,0.0004424000000007,3.0510344827634484,0.000247599999998,1.7075862068827588,0.014499999999999999,-0.014499999999999999,PASS,0.014499999999999999,-0.014499999999999999,PASS,100.0,-100.0,PASS,100.0,-100.0,PASS
20.00121,1.999444,20.0,2.0,20.0010354,0.0010353999999992,6.902666666661333,0.0001746000000011,1.1640000000073334,0.015,-0.015,PASS,0.015,-0.015,PASS,100.0,-100.0,PASS,100.0,-100.0,PASS
20.99973,1.999444,21.0,2.0,20.9996242,-0.0003758000000004,-2.4245161290348385,0.0001058,0.6825806451612902,0.0155,-0.0155,PASS,0.0155,-0.0155,PASS,100.0,-100.0,PASS,100.0,-100.0,PASS
22.0003,1.999444,22.0,2.0,22.0001186,0.0001186000000004,0.7412500000025,0.0001813999999988,1.1337499999925,0.016,-0.016,PASS,0.016,-0.016,PASS,100.0,-100.0,PASS,100.0,-100.0,PASS
23.00189,1.999444,23.0,2.0,23.0007194,0.0007194000000012,4.360000000007273,0.0011705999999982,7.094545454534545,0.0165,-0.0165,PASS,0.0165,-0.0165,PASS,100.0,-100.0,PASS,100.0,-100.0,PASS
24.00048,1.999444,24.0,2.0,23.9992466,-0.0007534000000006,-4.4317647058858824,0.0012334000000002,7.255294117648235,0.017,-0.017,PASS,0.017,-0.017,PASS,100.0,-100.0,PASS,100.0,-100.0,PASS
25.00111,1.999444,25.0,2.0,24.9997729,-0.0002271,-1.2977142857142856,0.0013371000000006,7.640571428574856,0.0175,-0.0175,PASS,0.0175,-0.0175,PASS,100.0,-100.0,PASS,100.0,-100.0,PASS
26.00176,1.999444,26.0,2.0,26.0003899,0.0003898999999982,2.166111111101111,0.0013701000000025,7.611666666680554,0.018000000000000002,-0.018000000000000002,PASS,0.018000000000000002,-0.018000000000000002,PASS,100.0,-100.0,PASS,100.0,-100.0,PASS
27.00243,1.999444,27.0,2.0,27.0009927,0.0009927000000011,5.365945945951892,0.0014372999999991,7.769189189184325,0.0185,-0.0185,PASS,0.0185,-0.0185,PASS,100.0,-100.0,PASS,100.0,-100.0,PASS
28.0011,1.999444,28.0,2.0,27.9997138,-0.0002862000000014,-1.5063157894810526,0.0013862000000024,7.295789473696843,0.019,-0.019,PASS,0.019,-0.019,PASS,100.0,-100.0,PASS,100.0,-100.0,PASS
29.00282,1.999444,29.0,2.0,29.0003179,0.0003178999999988,1.6302564102502564,0.0025021000000009,12.831282051286665,0.0195,-0.0195,PASS,0.0195,-0.0195,PASS,100.0,-100.0,PASS,100.0,-100.0,PASS
30.00355,1.999444,30.0,2.0,30.0008613,0.0008613000000003,4.306500000001499,0.0026887000000002,13.443500000000999,0.02,-0.02,PASS,0.02,-0.02,PASS,100.0,-100.0,PASS,100.0,-100.0,PASS
31.00431,1.999444,31.0,2.0,31.0015676,0.0015676000000013,7.646829268299024,0.0027423999999989,13.377560975604391,0.0205,-0.0205,PASS,0.0205,-0.0205,PASS,100.0,-100.0,PASS,100.0,-100.0,PASS
32.00306,1.99977,32.0,2.0,32.0003647,0.0003646999999986,1.7366666666600001,0.0026952999999991,12.834761904757618,0.021,-0.021,PASS,0.021,-0.021,PASS,100.0,-100.0,PASS,100.0,-100.0,PASS
1.000936,2.99951,1.0,3.0,1.00024907,0.0002490699999999,4.528545454543637,0.00068693,12.489636363636365,0.0055,-0.0055,PASS,0.0055,-0.0055,PASS,100.0,-100.0,PASS,100.0,-100.0,PASS
2.00108,2.99951,2.0,3.0,2.00051431,0.0005143099999997,8.571833333328334,0.0005656900000001,9.428166666668332,0.006,-0.006,PASS,0.006,-0.006,PASS,100.0,-100.0,PASS,100.0,-100.0,PASS
2.998217,2.99951,3.0,3.0,2.99896595,-0.0010340499999998,-15.90846153845846,-0.0007489500000001,-11.52230769230923,0.006500000000000001,-0.006500000000000001,PASS,0.006500000000000001,-0.006500000000000001,PASS,100.0,-100.0,PASS,100.0,-100.0,PASS
3.999412,2.99951,4.0,3.0,3.99940043,-0.0005995699999998,-8.565285714282856,1.1569999999849756e-05,0.16528571428356795,0.007,-0.007,PASS,0.007,-0.007,PASS,100.0,-100.0,PASS,100.0,-100.0,PASS
4.999619,2.99951,5.0,3.0,4.99995659,-4.3409999999965976e-05,-0.5787999999995463,-0.0003375899999999,-4.501199999998667,0.0075,-0.0075,PASS,0.0075,-0.0075,PASS,100.0,-100.0,PASS,100.0,-100.0,PASS
5.999847,2.99951,6.0,3.0,6.00042043,0.0004204300000001,5.25537500000125,-0.0005734300000002,-7.167875000002501,0.008,-0.008,PASS,0.008,-0.008,PASS,100.0,-100.0,PASS,100.0,-100.0,PASS
6.998078,2.999835,7.0,3.0,6.99896288,-0.0010371200000003,-12.20141176470941,-0.00088488,-10.41035294117647,0.0085,-0.0085,PASS,0.0085,-0.0085,PASS,100.0,-100.0,PASS,100.0,-100.0,PASS
7.998348,2.99951,8.0,3.0,7.99950177,-0.0004982299999998,-5.5358888888866655,-0.0011537700000001,-12.819666666667779,0.009000000000000001,-0.009000000000000001,PASS,0.009000000000000001,-0.009000000000000001,PASS,100.0,-100.0,PASS,100.0,-100.0,PASS
8.999648,2.99951,9.0,3.0,9.00004282,4.282000000088715e-05,0.4507368421146015,-0.0003948200000003,-4.156000000003157,0.009500000000000001,-0.009500000000000001,PASS,0.009500000000000001,-0.009500000000000001,PASS,100.0,-100.0,PASS,100.0,-100.0,PASS
9.997941,2.99951,10.0,3.0,9.99871899,-0.0012810099999995,-12.810099999994998,-0.0007779899999995,-7.779899999994999,0.01,-0.01,PASS,0.01,-0.01,PASS,100.0,-100.0,PASS,100.0,-100.0,PASS
10.99827,2.99951,11.0,3.0,10.9992863,-0.0007137000000003,-6.797142857145716,-0.0010162999999998,-9.679047619045715,0.010499999999999999,-0.010499999999999999,PASS,0.010499999999999999,-0.010499999999999999,PASS,100.0,-100.0,PASS,100.0,-100.0,PASS
11.99964,2.99951,12.0,3.0,12.0000921,9.209999999981731e-05,0.8372727272710665,-0.0004521000000003,-4.110000000002727,0.011,-0.011,PASS,0.011,-0.011,PASS,100.0,-100.0,PASS,100.0,-100.0,PASS
13.00001,2.999835,13.0,3.0,13.0007092,0.0007091999999992,6.166956521732174,-0.0006991999999996,-6.079999999996522,0.0115,-0.0115,PASS,0.0115,-0.0115,PASS,100.0,-100.0,PASS,100.0,-100.0,PASS
13.99839,2.99951,14.0,3.0,13.9993905,-0.0006094999999994,-5.079166666661666,-0.0010004999999999,-8.337499999999165,0.012,-0.012,PASS,0.012,-0.012,PASS,100.0,-100.0,PASS,100.0,-100.0,PASS
14.99982,2.99951,15.0,3.0,14.99998,-1.999999999924285e-05,-0.1599999999939428,-0.000160000000001,-1.2800000000079998,0.0125,-0.0125,PASS,0.0125,-0.0125,PASS,100.0,-100.0,PASS,100.0,-100.0,PASS
16.00026,2.99951,16.0,3.0,16.0006093,0.0006093000000007,4.68692307692846,-0.0003492999999998,-2.686923076921538,0.013000000000000001,-0.013000000000000001,PASS,0.013000000000000001,-0.013000000000000001,PASS,100.0,-100.0,PASS,100.0,-100.0,PASS
16.9987,2.99951,17.0,3.0,16.99929,-0.0007100000000015,-5.25925925927037,-0.0005899999999989,-4.370370370362222,0.013500000000000002,-0.013500000000000002,PASS,0.013500000000000002,-0.013500000000000002,PASS,100.0,-100.0,PASS,100.0,-100.0,PASS
17.99918,2.99951,18.0,3.0,17.9998528,-0.0001472000000006,-1.051428571432857,-0.0006728000000002,-4.805714285715713,0.014000000000000002,-0.014000000000000002,PASS,0.014000000000000002,-0.014000000000000002,PASS,100.0,-100.0,PASS,100.0,-100.0,PASS
19.00069,2.99951,19.0,3.0,19.000405,0.0004050000000006,2.79310344828,0.000284999999998,1.9655172413655175,0.014499999999999999,-0.014499999999999999,PASS,0.014499999999999999,-0.014499999999999999,PASS,100.0,-100.0,PASS,100.0,-100.0,PASS
20.00121,2.99951,20.0,3.0,20.0009165,0.0009164999999988,6.1099999999920005,0.0002935000000015,1.956666666676667,0.015,-0.015,PASS,0.015,-0.015,PASS,100.0,-100.0,PASS,100.0,-100.0,PASS
20.99973,2.99951,21.0,3.0,20.99953,-0.0004699999999999,-3.032258064515484,0.0001999999999995,1.2903225806419356,0.0155,-0.0155,PASS,0.0155,-0.0155,PASS,100.0,-100.0,PASS,100.0,-100.0,PASS
22.0003,2.99951,22.0,3.0,22.0000567,5.6699999998244266e-05,0.35437499998902666,0.000243300000001,1.52062500000625,0.016,-0.016,PASS,0.016,-0.016,PASS,100.0,-100.0,PASS,100.0,-100.0,PASS
23.00089,2.99951,23.0,3.0,23.0005117,0.0005117000000005,3.101212121215151,0.0003782999999977,2.292727272713333,0.0165,-0.0165,PASS,0.0165,-0.0165,PASS,100.0,-100.0,PASS,100.0,-100.0,PASS
24.00048,2.999835,24.0,3.0,23.9991937,-0.0008063000000007,-4.742941176474705,0.0012863000000002,7.566470588236469,0.017,-0.017,PASS,0.017,-0.017,PASS,100.0,-100.0,PASS,100.0,-100.0,PASS
25.00111,2.99951,25.0,3.0,24.9996352,-0.0003647999999998,-2.0845714285702854,0.0014748000000004,8.427428571430855,0.0175,-0.0175,PASS,0.0175,-0.0175,PASS,100.0,-100.0,PASS,100.0,-100.0,PASS
26.00176,2.999835,26.0,3.0,26.0002491,0.0002491000000013,1.383888888896111,0.0015108999999995,8.393888888886112,0.018000000000000002,-0.018000000000000002,PASS,0.018000000000000002,-0.018000000000000002,PASS,100.0,-100.0,PASS,100.0,-100.0,PASS
27.00243,2.99951,27.0,3.0,27.0007698,0.0007698000000004,4.1610810810832435,0.0016601999999998,8.974054054052974,0.0185,-0.0185,PASS,0.0185,-0.0185,PASS,100.0,-100.0,PASS,100.0,-100.0,PASS
28.0011,2.99951,28.0,3.0,27.9995212,-0.0004787999999997,-2.5199999999984213,0.0015788000000007,8.309473684214211,0.019,-0.019,PASS,0.019,-0.019,PASS,100.0,-100.0,PASS,100.0,-100.0,PASS
29.00282,2.99951,29.0,3.0,29.0001124,0.000112399999999,0.5764102564051281,0.0027076000000008,13.885128205132307,0.0195,-0.0195,PASS,0.0195,-0.0195,PASS,100.0,-100.0,PASS,100.0,-100.0,PASS
30.00355,2.999835,30.0,3.0,30.0007896,0.0007896000000009,3.9480000000045,0.0027603999999996,13.801999999998,0.02,-0.02,PASS,0.02,-0.02,PASS,100.0,-100.0,PASS,100.0,-100.0,PASS
31.00431,2.99951,31.0,3.0,31.0014337,0.0014336999999997,6.993658536583903,0.0028763000000004,14.030731707319024,0.0205,-0.0205,PASS,0.0205,-0.0205,PASS,100.0,-100.0,PASS,100.0,-100.0,PASS
32.00306,2.99951,32.0,3.0,32.0000458,4.580000000231621e-05,0.21809523810626766,0.0030141999999955,14.353333333311905,0.021,-0.021,PASS,0.021,-0.021,PASS,100.0,-100.0,PASS,100.0,-100.0,PASS
1.000936,3.999885,1.0,4.0,1.00029742,0.0002974200000001,5.407636363638183,0.0006385799999999,11.610545454543637,0.0055,-0.0055,PASS,0.0055,-0.0055,PASS,100.0,-100.0,PASS,100.0,-100.0,PASS
2.00108,3.999559,2.0,4.0,2.00048138,0.00048138,8.023,0.0005986199999998,9.976999999996666,0.006,-0.006,PASS,0.006,-0.006,PASS,100.0,-100.0,PASS,100.0,-100.0,PASS
2.999226,3.999885,3.0,4.0,2.99896266,-0.0010373399999998,-15.959076923073845,0.00026334,4.051384615384615,0.006500000000000001,-0.006500000000000001,PASS,0.006500000000000001,-0.006500000000000001,PASS,100.0,-100.0,PASS,100.0,-100.0,PASS
3.999412,3.999885,4.0,4.0,3.99940513,-0.00059487,-8.498142857142858,6.86999999999216e-06,0.09814285714274515,0.007,-0.007,PASS,0.007,-0.007,PASS,100.0,-100.0,PASS,100.0,-100.0,PASS
4.999619,3.999559,5.0,4.0,4.99985297,-0.0001470299999999,-1.9603999999986668,-0.00023397,-3.1196,0.0075,-0.0075,PASS,0.0075,-0.0075,PASS,100.0,-100.0,PASS,100.0,-100.0,PASS
5.999847,3.999885,6.0,4.0,6.00035826,0.0003582599999996,4.478249999995,-0.0005112599999996,-6.390749999994999,0.008,-0.008,PASS,0.008,-0.008,PASS,100.0,-100.0,PASS,100.0,-100.0,PASS
6.998078,3.999885,7.0,4.0,6.99894638,-0.0010536200000004,-12.395529411769411,-0.00086838,-10.216235294117645,0.0085,-0.0085,PASS,0.0085,-0.0085,PASS,100.0,-100.0,PASS,100.0,-100.0,PASS
7.998348,3.999885,8.0,4.0,7.99947133,-0.0005286699999995,-5.874111111105555,-0.0011233300000004,-12.481444444448888,0.009000000000000001,-0.009000000000000001,PASS,0.009000000000000001,-0.009000000000000001,PASS,100.0,-100.0,PASS,100.0,-100.0,PASS
8.999648,3.999885,9.0,4.0,9.00002614,2.6139999999230668e-05,0.27515789472874386,-0.0003781399999986,-3.9804210526168413,0.009500000000000001,-0.009500000000000001,PASS,0.009500000000000001,-0.009500000000000001,PASS,100.0,-100.0,PASS,100.0,-100.0,PASS
9.997941,3.999885,10.0,4.0,9.99867866,-0.0013213400000005,-13.213400000005002,-0.0007376599999986,-7.376599999986,0.01,-0.01,PASS,0.01,-0.01,PASS,100.0,-100.0,PASS,100.0,-100.0,PASS
10.99827,3.999885,11.0,4.0,10.9992755,-0.0007245000000004,-6.90000000000381,-0.0010054999999997,-9.57619047618762,0.010499999999999999,-0.010499999999999999,PASS,0.010499999999999999,-0.010499999999999999,PASS,100.0,-100.0,PASS,100.0,-100.0,PASS
11.99964,3.999885,12.0,4.0,11.9998245,-0.0001754999999992,-1.5954545454472728,-0.0001845000000013,-1.6772727272845456,0.011,-0.011,PASS,0.011,-0.011,PASS,100.0,-100.0,PASS,100.0,-100.0,PASS
13.00001,3.999885,13.0,4.0,13.0006954,0.0006953999999996,6.046956521735653,-0.0006854,-5.96,0.0115,-0.0115,PASS,0.0115,-0.0115,PASS,100.0,-100.0,PASS,100.0,-100.0,PASS
13.99839,3.999885,14.0,4.0,13.999355,-0.0006450000000004,-5.375000000003333,-0.0009649999999989,-8.0416666666575,0.012,-0.012,PASS,0.012,-0.012,PASS,100.0,-100.0,PASS,100.0,-100.0,PASS
14.99982,3.999885,15.0,4.0,14.999937,-6.30000000008124e-05,-0.5040000000064992,-0.0001169999999994,-0.9359999999951999,0.0125,-0.0125,PASS,0.0125,-0.0125,PASS,100.0,-100.0,PASS,100.0,-100.0,PASS
16.00026,3.999559,16.0,4.0,16.0004862,0.0004862000000009,3.7400000000069227,-0.0002262000000001,-1.7400000000007692,0.013000000000000001,-0.013000000000000001,PASS,0.013000000000000001,-0.013000000000000001,PASS,100.0,-100.0,PASS,100.0,-100.0,PASS
16.9987,3.999885,17.0,4.0,16.9991877,-0.0008122999999997,-6.017037037034814,-0.0004877000000007,-3.6125925925977778,0.013500000000000002,-0.013500000000000002,PASS,0.013500000000000002,-0.013500000000000002,PASS,100.0,-100.0,PASS,100.0,-100.0,PASS
17.99918,3.999885,18.0,4.0,17.9997694,-0.0002305999999983,-1.647142857130714,-0.0005894000000026,-4.210000000018571,0.014000000000000002,-0.014000000000000002,PASS,0.014000000000000002,-0.014000000000000002,PASS,100.0,-100.0,PASS,100.0,-100.0,PASS
19.00069,3.999885,19.0,4.0,19.0002475,0.0002475000000004,1.706896551726897,0.0004424999999983,3.0517241379193103,0.014499999999999999,-0.014499999999999999,PASS,0.014499999999999999,-0.014499999999999999,PASS,100.0,-100.0,PASS,100.0,-100.0,PASS
20.00121,3.999885,20.0,4.0,20.0008238,0.0008237999999991,5.491999999994,0.0003862000000012,2.5746666666746667,0.015,-0.015,PASS,0.015,-0.015,PASS,100.0,-100.0,PASS,100.0,-100.0,PASS
20.99973,3.999885,21.0,4.0,20.9993841,-0.0006158999999996,-3.9735483870941937,0.0003458999999992,2.2316129032206455,0.0155,-0.0155,PASS,0.0155,-0.0155,PASS,100.0,-100.0,PASS,100.0,-100.0,PASS
22.0003,3.999559,22.0,4.0,21.999883,-0.0001169999999994,-0.73124999999625,0.0004169999999987,2.6062499999918747,0.016,-0.016,PASS,0.016,-0.016,PASS,100.0,-100.0,PASS,100.0,-100.0,PASS
23.00089,3.999885,23.0,4.0,23.0003855,0.0003855000000001,2.3363636363642426,0.0005044999999981,3.057575757564242,0.0165,-0.0165,PASS,0.0165,-0.0165,PASS,100.0,-100.0,PASS,100.0,-100.0,PASS
24.00048,3.999885,24.0,4.0,23.9990329,-0.0009671000000004,-5.688823529414117,0.0014471,8.51235294117647,0.017,-0.017,PASS,0.017,-0.017,PASS,100.0,-100.0,PASS,100.0,-100.0,PASS
25.0001,3.999885,25.0,4.0,24.9995525,-0.0004474999999999,-2.557142857142286,0.0005474999999997,3.128571428569714,0.0175,-0.0175,PASS,0.0175,-0.0175,PASS,100.0,-100.0,PASS,100.0,-100.0,PASS
26.00176,3.999885,26.0,4.0,26.000117,0.0001169999999994,0.6499999999966666,0.0016430000000013,9.127777777784999,0.018000000000000002,-0.018000000000000002,PASS,0.018000000000000002,-0.018000000000000002,PASS,100.0,-100.0,PASS,100.0,-100.0,PASS
27.00243,3.999885,27.0,4.0,27.0006389,0.0006388999999984,3.4535135135048654,0.0017911000000019,9.681621621631892,0.0185,-0.0185,PASS,0.0185,-0.0185,PASS,100.0,-100.0,PASS,100.0,-100.0,PASS
28.0011,3.999885,28.0,4.0,27.9993873,-0.0006127000000013,-3.2247368421121054,0.0017127000000023,9.014210526327895,0.019,-0.019,PASS,0.019,-0.019,PASS,100.0,-100.0,PASS,100.0,-100.0,PASS
29.00181,3.999885,29.0,4.0,28.9999989,-1.0999999986438525e-06,-0.005641025634071038,0.0018110999999976,9.28769230768,0.0195,-0.0195,PASS,0.0195,-0.0195,PASS,100.0,-100.0,PASS,100.0,-100.0,PASS
30.00355,3.999885,30.0,4.0,30.0006542,0.0006541999999996,3.2709999999979997,0.002895800000001,14.479000000005,0.02,-0.02,PASS,0.02,-0.02,PASS,100.0,-100.0,PASS,100.0,-100.0,PASS
31.00431,3.999885,31.0,4.0,31.0011991,0.0011991000000008,5.849268292686829,0.0031108999999993,15.175121951216097,0.0205,-0.0205,PASS,0.0205,-0.0205,PASS,100.0,-100.0,PASS,100.0,-100.0,PASS
32.00306,3.999885,32.0,4.0,32.0000275,2.7500000001623448e-05,0.13095238096011166,0.0030324999999962,14.440476190458096,0.021,-0.021,PASS,0.021,-0.021,PASS,100.0,-100.0,PASS,100.0,-100.0,PASS
1.000936,4.998943,1.0,5.0,1.00021103,0.00021103,3.836909090909091,0.00072497,13.181272727272727,0.0055,-0.0055,PASS,0.0055,-0.0055,PASS,100.0,-100.0,PASS,100.0,-100.0,PASS
2.000071,4.998943,2.0,5.0,2.00044694,0.0004469399999997,7.448999999995,-0.0003759399999996,-6.26566666666,0.006,-0.006,PASS,0.006,-0.006,PASS,100.0,-100.0,PASS,100.0,-100.0,PASS
2.999226,4.999268,3.0,5.0,2.99899389,-0.00100611,-15.478615384615383,0.0002321100000002,3.570923076926154,0.006500000000000001,-0.006500000000000001,PASS,0.006500000000000001,-0.006500000000000001,PASS,100.0,-100.0,PASS,100.0,-100.0,PASS
3.999412,4.999268,4.0,5.0,3.99947343,-0.0005265699999998,-7.522428571425714,-6.143000000013998e-05,-0.8775714285734284,0.007,-0.007,PASS,0.007,-0.007,PASS,100.0,-100.0,PASS,100.0,-100.0,PASS
4.999619,4.999268,5.0,5.0,4.99989066,-0.0001093399999998,-1.457866666664,-0.0002716600000001,-3.6221333333346664,0.0075,-0.0075,PASS,0.0075,-0.0075,PASS,100.0,-100.0,PASS,100.0,-100.0,PASS
5.999847,4.999268,6.0,5.0,6.00032342,0.0003234199999999,4.04274999999875,-0.00047642,-5.95525,0.008,-0.008,PASS,0.008,-0.008,PASS,100.0,-100.0,PASS,100.0,-100.0,PASS
6.998078,4.999268,7.0,5.0,6.99889102,-0.0011089799999997,-13.046823529408233,-0.0008130200000007,-9.564941176478822,0.0085,-0.0085,PASS,0.0085,-0.0085,PASS,100.0,-100.0,PASS,100.0,-100.0,PASS
7.998348,4.999593,8.0,5.0,7.9994866,-0.0005133999999999,-5.704444444443333,-0.0011385999999999,-12.65111111111,0.009000000000000001,-0.009000000000000001,PASS,0.009000000000000001,-0.009000000000000001,PASS,100.0,-100.0,PASS,100.0,-100.0,PASS
8.999648,4.999268,9.0,5.0,8.99992841,-7.15899999992331e-05,-0.7535789473603483,-0.0002804100000002,-2.9516842105284207,0.009500000000000001,-0.009500000000000001,PASS,0.009500000000000001,-0.009500000000000001,PASS,100.0,-100.0,PASS,100.0,-100.0,PASS
9.997941,4.999268,10.0,5.0,9.99856863,-0.0014313700000005,-14.313700000005,-0.0006276299999985,-6.2762999999849995,0.01,-0.01,PASS,0.01,-0.01,PASS,100.0,-100.0,PASS,100.0,-100.0,PASS
10.99827,4.999268,11.0,5.0,10.9991171,-0.0008829000000005,-8.40857142857619,-0.0008470999999996,-8.067619047615239,0.010499999999999999,-0.010499999999999999,PASS,0.010499999999999999,-0.010499999999999999,PASS,100.0,-100.0,PASS,100.0,-100.0,PASS
11.99964,4.999268,12.0,5.0,11.9997533,-0.0002466999999999,-2.242727272726364,-0.0001133000000006,-1.0300000000054548,0.011,-0.011,PASS,0.011,-0.011,PASS,100.0,-100.0,PASS,100.0,-100.0,PASS
13.00001,4.999268,13.0,5.0,13.0006632,0.0006631999999999,5.766956521738261,-0.0006532000000003,-5.680000000002609,0.0115,-0.0115,PASS,0.0115,-0.0115,PASS,100.0,-100.0,PASS,100.0,-100.0,PASS
13.99839,4.999268,14.0,5.0,13.9992681,-0.0007318999999998,-6.099166666665,-0.0008780999999995,-7.317499999995833,0.012,-0.012,PASS,0.012,-0.012,PASS,100.0,-100.0,PASS,100.0,-100.0,PASS
14.99982,4.999268,15.0,5.0,14.9998366,-0.0001633999999999,-1.3071999999992,-1.6600000000366322e-05,-0.13280000000293057,0.0125,-0.0125,PASS,0.0125,-0.0125,PASS,100.0,-100.0,PASS,100.0,-100.0,PASS
16.00026,4.999268,16.0,5.0,16.0004248,0.0004248000000011,3.2676923077007687,-0.0001648000000002,-1.267692307693846,0.013000000000000001,-0.013000000000000001,PASS,0.013000000000000001,-0.013000000000000001,PASS,100.0,-100.0,PASS,100.0,-100.0,PASS
16.9987,4.999268,17.0,5.0,16.9991527,-0.0008473000000002,-6.276296296297777,-0.0004527000000003,-3.353333333335555,0.013500000000000002,-0.013500000000000002,PASS,0.013500000000000002,-0.013500000000000002,PASS,100.0,-100.0,PASS,100.0,-100.0,PASS
18.00019,4.999268,18.0,5.0,17.9995747,-0.0004252999999998,-3.0378571428557137,0.0006152999999997,4.394999999997857,0.014000000000000002,-0.014000000000000002,PASS,0.014000000000000002,-0.014000000000000002,PASS,100.0,-100.0,PASS,100.0,-100.0,PASS
18.99968,4.999268,19.0,5.0,19.0001052,0.0001052000000001,0.7255172413800001,-0.0004251999999986,-2.9324137930937932,0.014499999999999999,-0.014499999999999999,PASS,0.014499999999999999,-0.014499999999999999,PASS,100.0,-100.0,PASS,100.0,-100.0,PASS
20.00121,4.999268,20.0,5.0,20.0007399,0.0007398999999992,4.9326666666613335,0.0004701000000011,3.1340000000073336,0.015,-0.015,PASS,0.015,-0.015,PASS,100.0,-100.0,PASS,100.0,-100.0,PASS
20.99973,4.999268,21.0,5.0,20.9992788,-0.0007212000000009,-4.652903225812258,0.0004512000000005,2.91096774193871,0.0155,-0.0155,PASS,0.0155,-0.0155,PASS,100.0,-100.0,PASS,100.0,-100.0,PASS
22.0003,4.999268,22.0,5.0,21.9998659,-0.0001341000000003,-0.8381250000018751,0.0004340999999996,2.7131249999975,0.016,-0.016,PASS,0.016,-0.016,PASS,100.0,-100.0,PASS,100.0,-100.0,PASS
23.00089,4.999268,23.0,5.0,23.0002797,0.0002797000000001,1.6951515151521208,0.0006102999999981,3.6987878787763635,0.0165,-0.0165,PASS,0.0165,-0.0165,PASS,100.0,-100.0,PASS,100.0,-100.0,PASS
23.99947,4.999268,24.0,5.0,23.9989109,-0.0010891000000015,-6.406470588244117,0.0005591000000002,3.288823529412941,0.017,-0.017,PASS,0.017,-0.017,PASS,100.0,-100.0,PASS,100.0,-100.0,PASS
25.0001,4.999268,25.0,5.0,24.9994584,-0.0005415999999982,-3.094857142846857,0.000641599999998,3.6662857142742853,0.0175,-0.0175,PASS,0.0175,-0.0175,PASS,100.0,-100.0,PASS,100.0,-100.0,PASS
26.00176,4.999268,26.0,5.0,25.9999905,-9.5000000008838e-06,-0.05277777778268777,0.0017695000000017,9.830555555564999,0.018000000000000002,-0.018000000000000002,PASS,0.018000000000000002,-0.018000000000000002,PASS,100.0,-100.0,PASS,100.0,-100.0,PASS
27.00243,4.999268,27.0,5.0,27.0005736,0.0005735999999991,3.1005405405356754,0.0018564000000012,10.034594594601081,0.0185,-0.0185,PASS,0.0185,-0.0185,PASS,100.0,-100.0,PASS,100.0,-100.0,PASS
28.0011,4.999268,28.0,5.0,27.999319,-0.0006810000000001,-3.5842105263163164,0.0017810000000011,9.373684210532106,0.019,-0.019,PASS,0.019,-0.019,PASS,100.0,-100.0,PASS,100.0,-100.0,PASS
29.00181,4.999268,29.0,5.0,28.9998693,-0.0001306999999997,-0.6702564102548718,0.0019406999999986,9.952307692300511,0.0195,-0.0195,PASS,0.0195,-0.0195,PASS,100.0,-100.0,PASS,100.0,-100.0,PASS
30.00254,4.999268,30.0,5.0,30.0005241,0.0005240999999998,2.6204999999989997,0.0020158999999999,10.0794999999995,0.02,-0.02,PASS,0.02,-0.02,PASS,100.0,-100.0,PASS,100.0,-100.0,PASS
31.00431,4.999268,31.0,5.0,31.0010767,0.0010766999999987,5.252195121944878,0.0032333000000015,15.772195121958536,0.0205,-0.0205,PASS,0.0205,-0.0205,PASS,100.0,-100.0,PASS,100.0,-100.0,PASS
32.00306,4.999268,32.0,5.0,31.9998738,-0.0001262000000004,-0.6009523809542856,0.0031861999999982,15.17238095237238,0.021,-0.021,PASS,0.021,-0.021,PASS,100.0,-100.0,PASS,100.0,-100.0,PASS
1.000936,5.999935,1.0,6.0,1.0002599,0.0002599,4.725454545454546,0.0006760999999999,12.292727272725458,0.0055,-0.0055,PASS,0.0055,-0.0055,PASS,100.0,-100.0,PASS,100.0,-100.0,PASS
2.000071,5.999935,2.0,6.0,2.00046423,0.0004642299999999,7.737166666664999,-0.0003932299999998,-6.55383333333,0.006,-0.006,PASS,0.006,-0.006,PASS,100.0,-100.0,PASS,100.0,-100.0,PASS
2.999226,5.999935,3.0,6.0,2.99898927,-0.0010107299999999,-15.54969230769077,0.0002367300000001,3.6420000000015387,0.006500000000000001,-0.006500000000000001,PASS,0.006500000000000001,-0.006500000000000001,PASS,100.0,-100.0,PASS,100.0,-100.0,PASS
3.999412,5.999935,4.0,6.0,3.99938489,-0.00061511,-8.787285714285714,2.710999999999686e-05,0.3872857142856694,0.007,-0.007,PASS,0.007,-0.007,PASS,100.0,-100.0,PASS,100.0,-100.0,PASS
4.999619,6.00026,5.0,6.0,4.999833,-0.0001670000000002,-2.2266666666693333,-0.0002139999999997,-2.8533333333293336,0.0075,-0.0075,PASS,0.0075,-0.0075,PASS,100.0,-100.0,PASS,100.0,-100.0,PASS
5.999847,6.00026,6.0,6.0,6.00031411,0.0003141099999997,3.9263749999962494,-0.0004671099999997,-5.83887499999625,0.008,-0.008,PASS,0.008,-0.008,PASS,100.0,-100.0,PASS,100.0,-100.0,PASS
6.998078,6.00026,7.0,6.0,6.99886976,-0.0011302400000001,-13.296941176471764,-0.0007917600000002,-9.314823529414117,0.0085,-0.0085,PASS,0.0085,-0.0085,PASS,100.0,-100.0,PASS,100.0,-100.0,PASS
7.998348,5.999935,8.0,6.0,7.99937762,-0.0006223800000002,-6.915333333335555,-0.0010296199999997,-11.440222222218889,0.009000000000000001,-0.009000000000000001,PASS,0.009000000000000001,-0.009000000000000001,PASS,100.0,-100.0,PASS,100.0,-100.0,PASS
8.999648,6.00026,9.0,6.0,8.99989554,-0.0001044599999993,-1.0995789473610524,-0.0002475400000001,-2.605684210527368,0.009500000000000001,-0.009500000000000001,PASS,0.009500000000000001,-0.009500000000000001,PASS,100.0,-100.0,PASS,100.0,-100.0,PASS
9.997941,5.999935,10.0,6.0,9.99856148,-0.0014385200000006,-14.385200000005998,-0.0006204799999984,-6.204799999984,0.01,-0.01,PASS,0.01,-0.01,PASS,100.0,-100.0,PASS,100.0,-100.0,PASS
10.99827,5.999935,11.0,6.0,10.9991376,-0.0008624000000008,-8.213333333340952,-0.0008675999999994,-8.262857142851429,0.010499999999999999,-0.010499999999999999,PASS,0.010499999999999999,-0.010499999999999999,PASS,100.0,-100.0,PASS,100.0,-100.0,PASS
11.99964,5.999935,12.0,6.0,11.9996955,-0.0003045000000003,-2.7681818181845452,-5.550000000020816e-05,-0.504545454547347,0.011,-0.011,PASS,0.011,-0.011,PASS,100.0,-100.0,PASS,100.0,-100.0,PASS
13.00001,5.999935,13.0,6.0,13.0005517,0.0005517000000008,4.797391304354783,-0.0005417000000011,-4.710434782618261,0.0115,-0.0115,PASS,0.0115,-0.0115,PASS,100.0,-100.0,PASS,100.0,-100.0,PASS
13.99839,5.999935,14.0,6.0,13.9991506,-0.0008493999999998,-7.078333333331667,-0.0007605999999995,-6.338333333329167,0.012,-0.012,PASS,0.012,-0.012,PASS,100.0,-100.0,PASS,100.0,-100.0,PASS
14.99881,6.00026,15.0,6.0,14.9997406,-0.0002593999999991,-2.0751999999928,-0.0009306000000002,-7.4448000000016,0.0125,-0.0125,PASS,0.0125,-0.0125,PASS,100.0,-100.0,PASS,100.0,-100.0,PASS
16.00026,5.999935,16.0,6.0,16.0003053,0.0003053000000008,2.348461538467692,-4.530000000002588e-05,-0.3484615384617375,0.013000000000000001,-0.013000000000000001,PASS,0.013000000000000001,-0.013000000000000001,PASS,100.0,-100.0,PASS,100.0,-100.0,PASS
16.9987,5.999935,17.0,6.0,16.9990375,-0.0009624999999999,-7.129629629628888,-0.0003375000000005,-2.5000000000037033,0.013500000000000002,-0.013500000000000002,PASS,0.013500000000000002,-0.013500000000000002,PASS,100.0,-100.0,PASS,100.0,-100.0,PASS
17.99918,6.00026,18.0,6.0,17.9995742,-0.0004257999999985,-3.041428571417857,-0.0003942000000023,-2.8157142857307136,0.014000000000000002,-0.014000000000000002,PASS,0.014000000000000002,-0.014000000000000002,PASS,100.0,-100.0,PASS,100.0,-100.0,PASS
18.99968,6.00026,19.0,6.0,19.0000854,8.539999999968018e-05,0.5889655172391737,-0.0004053999999982,-2.7958620689531037,0.014499999999999999,-0.014499999999999999,PASS,0.014499999999999999,-0.014499999999999999,PASS,100.0,-100.0,PASS,100.0,-100.0,PASS
20.00121,5.999935,20.0,6.0,20.0005902,0.0005902000000013,3.9346666666753336,0.000619799999999,4.131999999993334,0.015,-0.015,PASS,0.015,-0.015,PASS,100.0,-100.0,PASS,100.0,-100.0,PASS
20.99973,5.999935,21.0,6.0,20.999219,-0.0007809999999999,-5.03870967741871,0.0005109999999994,3.296774193544516,0.0155,-0.0155,PASS,0.0155,-0.0155,PASS,100.0,-100.0,PASS,100.0,-100.0,PASS
22.0003,5.999935,22.0,6.0,21.9996841,-0.0003159000000003,-1.974375000001875,0.0006158999999996,3.8493749999975,0.016,-0.016,PASS,0.016,-0.016,PASS,100.0,-100.0,PASS,100.0,-100.0,PASS
23.00089,5.999935,23.0,6.0,23.000128,0.0001280000000001,0.7757575757581818,0.0007619999999981,4.618181818170303,0.0165,-0.0165,PASS,0.0165,-0.0165,PASS,100.0,-100.0,PASS,100.0,-100.0,PASS
23.99947,5.999935,24.0,6.0,23.998845,-0.0011550000000006,-6.794117647062352,0.0006249999999994,3.6764705882317643,0.017,-0.017,PASS,0.017,-0.017,PASS,100.0,-100.0,PASS,100.0,-100.0,PASS
25.0001,5.999935,25.0,6.0,24.9993827,-0.0006172999999982,-3.5274285714182856,0.000717299999998,4.098857142845714,0.0175,-0.0175,PASS,0.0175,-0.0175,PASS,100.0,-100.0,PASS,100.0,-100.0,PASS
26.00176,5.999935,26.0,6.0,25.9999582,-4.18000000017571e-05,-0.23222222223198385,0.0018018000000026,10.010000000014443,0.018000000000000002,-0.018000000000000002,PASS,0.018000000000000002,-0.018000000000000002,PASS,100.0,-100.0,PASS,100.0,-100.0,PASS
1.000936,6.999936,1.0,7.0,1.00019975,0.0001997499999999,3.6318181818163637,0.0007362500000001,13.386363636365456,0.0055,-0.0055,PASS,0.0055,-0.0055,PASS,100.0,-100.0,PASS,100.0,-100.0,PASS
2.000071,6.999936,2.0,7.0,2.00044232,0.0004423199999998,7.371999999996667,-0.0003713199999997,-6.188666666661667,0.006,-0.006,PASS,0.006,-0.006,PASS,100.0,-100.0,PASS,100.0,-100.0,PASS
2.998217,7.000261,3.0,7.0,2.99895277,-0.0010472300000001,-16.111230769232307,-0.0007357699999999,-11.319538461536922,0.006500000000000001,-0.006500000000000001,PASS,0.006500000000000001,-0.006500000000000001,PASS,100.0,-100.0,PASS,100.0,-100.0,PASS
3.999412,7.000261,4.0,7.0,3.9994461,-0.0005538999999998,-7.912857142854286,-3.41000000001479e-05,-0.48714285714496997,0.007,-0.007,PASS,0.007,-0.007,PASS,100.0,-100.0,PASS,100.0,-100.0,PASS
4.999619,7.000261,5.0,7.0,4.99978783,-0.0002121700000001,-2.8289333333346667,-0.0001688299999997,-2.2510666666626666,0.0075,-0.0075,PASS,0.0075,-0.0075,PASS,100.0,-100.0,PASS,100.0,-100.0,PASS
5.999847,7.000261,6.0,7.0,6.00024906,0.0002490599999998,3.1132499999975005,-0.0004020599999998,-5.025749999997499,0.008,-0.008,PASS,0.008,-0.008,PASS,100.0,-100.0,PASS,100.0,-100.0,PASS
6.998078,7.000261,7.0,7.0,6.99889421,-0.0011057900000004,-13.009294117651764,-0.0008162099999999,-9.602470588234116,0.0085,-0.0085,PASS,0.0085,-0.0085,PASS,100.0,-100.0,PASS,100.0,-100.0,PASS
7.998348,7.000586,8.0,7.0,7.99936342,-0.0006365800000001,-7.0731111111122225,-0.0010154199999998,-11.282444444442222,0.009000000000000001,-0.009000000000000001,PASS,0.009000000000000001,-0.009000000000000001,PASS,100.0,-100.0,PASS,100.0,-100.0,PASS
8.999648,7.000261,9.0,7.0,8.99991857,-8.142999999982692e-05,-0.85715789473502,-0.0002705699999996,-2.848105263153684,0.009500000000000001,-0.009500000000000001,PASS,0.009500000000000001,-0.009500000000000001,PASS,100.0,-100.0,PASS,100.0,-100.0,PASS
9.997941,7.000586,10.0,7.0,9.99853699,-0.0014630100000001,-14.630100000001,-0.0005959899999989,-5.959899999989,0.01,-0.01,PASS,0.01,-0.01,PASS,100.0,-100.0,PASS,100.0,-100.0,PASS
10.99827,7.000261,11.0,7.0,10.9990959,-0.0009040999999996,-8.610476190472381,-0.0008259000000006,-7.86571428572,0.010499999999999999,-0.010499999999999999,PASS,0.010499999999999999,-0.010499999999999999,PASS,100.0,-100.0,PASS,100.0,-100.0,PASS
11.99964,7.000261,12.0,7.0,11.999756,-0.0002440000000003,-2.2181818181845454,-0.0001160000000002,-1.0545454545472728,0.011,-0.011,PASS,0.011,-0.011,PASS,100.0,-100.0,PASS,100.0,-100.0,PASS
13.00001,7.000261,13.0,7.0,13.000494,0.0004939999999997,4.295652173910434,-0.0004840000000001,-4.208695652174783,0.0115,-0.0115,PASS,0.0115,-0.0115,PASS,100.0,-100.0,PASS,100.0,-100.0,PASS
13.99839,7.000586,14.0,7.0,13.9991507,-0.0008493000000004,-7.077500000003332,-0.0007606999999989,-6.3391666666575,0.012,-0.012,PASS,0.012,-0.012,PASS,100.0,-100.0,PASS,100.0,-100.0,PASS
14.99881,7.000586,15.0,7.0,14.9997591,-0.0002408999999996,-1.9271999999968,-0.0009490999999997,-7.5927999999976,0.0125,-0.0125,PASS,0.0125,-0.0125,PASS,100.0,-100.0,PASS,100.0,-100.0,PASS
16.00026,7.000261,16.0,7.0,16.0003649,0.000364900000001,2.806923076930769,-0.0001049000000001,-0.8069230769238461,0.013000000000000001,-0.013000000000000001,PASS,0.013000000000000001,-0.013000000000000001,PASS,100.0,-100.0,PASS,100.0,-100.0,PASS
16.9987,7.000586,17.0,7.0,16.9990015,-0.0009985000000014,-7.396296296306666,-0.000301499999999,-2.2333333333259255,0.013500000000000002,-0.013500000000000002,PASS,0.013500000000000002,-0.013500000000000002,PASS,100.0,-100.0,PASS,100.0,-100.0,PASS
17.99918,7.000586,18.0,7.0,17.9995092,-0.0004908000000014,-3.5057142857242853,-0.0003291999999994,-2.351428571424285,0.014000000000000002,-0.014000000000000002,PASS,0.014000000000000002,-0.014000000000000002,PASS,100.0,-100.0,PASS,100.0,-100.0,PASS
18.99968,7.000586,19.0,7.0,19.0000312,3.119999999867673e-05,0.21517241378397745,-0.0003511999999972,-2.4220689654979313,0.014499999999999999,-0.014499999999999999,PASS,0.014499999999999999,-0.014499999999999999,PASS,100.0,-100.0,PASS,100.0,-100.0,PASS
20.00121,7.000586,20.0,7.0,20.0005709,0.0005708999999995,3.8059999999966667,0.0006391000000007,4.260666666671334,0.015,-0.015,PASS,0.015,-0.015,PASS,100.0,-100.0,PASS,100.0,-100.0,PASS
20.99973,7.000586,21.0,7.0,20.9991921,-0.0008079000000016,-5.212258064526452,0.0005379000000012,3.4703225806529034,0.0155,-0.0155,PASS,0.0155,-0.0155,PASS,100.0,-100.0,PASS,100.0,-100.0,PASS
22.0003,7.000261,22.0,7.0,21.9996491,-0.0003509000000008,-2.193125000005,0.0006509000000001,4.068125000000625,0.016,-0.016,PASS,0.016,-0.016,PASS,100.0,-100.0,PASS,100.0,-100.0,PASS
1.000936,8.000894,1.0,8.0,1.0001026,0.0001025999999999,1.8654545454527272,0.0008334,15.152727272727272,0.0055,-0.0055,PASS,0.0055,-0.0055,PASS,100.0,-100.0,PASS,100.0,-100.0,PASS
2.000071,8.000894,2.0,8.0,2.0004302,0.0004301999999998,7.169999999996667,-0.0003591999999996,-5.98666666666,0.006,-0.006,PASS,0.006,-0.006,PASS,100.0,-100.0,PASS,100.0,-100.0,PASS
2.998217,8.000894,3.0,8.0,2.99889333,-0.0011066699999999,-17.02569230769077,-0.0006763300000001,-10.405076923078461,0.006500000000000001,-0.006500000000000001,PASS,0.006500000000000001,-0.006500000000000001,PASS,100.0,-100.0,PASS,100.0,-100.0,PASS
3.999412,8.001219,4.0,8.0,3.99935439,-0.0006456099999998,-9.222999999997143,5.76099999998192e-05,0.8229999999974171,0.007,-0.007,PASS,0.007,-0.007,PASS,100.0,-100.0,PASS,100.0,-100.0,PASS
4.999619,8.001219,5.0,8.0,4.99982832,-0.0001716800000002,-2.289066666669333,-0.0002093199999997,-2.7909333333293334,0.0075,-0.0075,PASS,0.0075,-0.0075,PASS,100.0,-100.0,PASS,100.0,-100.0,PASS
5.999847,8.001219,6.0,8.0,6.00027328,0.00027328,3.4159999999999995,-0.0004262800000001,-5.32850000000125,0.008,-0.008,PASS,0.008,-0.008,PASS,100.0,-100.0,PASS,100.0,-100.0,PASS
6.998078,8.001219,7.0,8.0,6.99885482,-0.0011451799999999,-13.472705882351763,-0.0007768200000004,-9.139058823534118,0.0085,-0.0085,PASS,0.0085,-0.0085,PASS,100.0,-100.0,PASS,100.0,-100.0,PASS
7.998348,8.001219,8.0,8.0,7.99936031,-0.0006396899999998,-7.107666666664445,-0.0010123100000001,-11.247888888889998,0.009000000000000001,-0.009000000000000001,PASS,0.009000000000000001,-0.009000000000000001,PASS,100.0,-100.0,PASS,100.0,-100.0,PASS
8.999648,8.001219,9.0,8.0,8.99987874,-0.0001212600000002,-1.276421052633684,-0.0002307399999992,-2.4288421052547364,0.009500000000000001,-0.009500000000000001,PASS,0.009500000000000001,-0.009500000000000001,PASS,100.0,-100.0,PASS,100.0,-100.0,PASS
9.997941,8.001219,10.0,8.0,9.99857051,-0.0014294899999995,-14.294899999995,-0.0006295099999995,-6.295099999994999,0.01,-0.01,PASS,0.01,-0.01,PASS,100.0,-100.0,PASS,100.0,-100.0,PASS
10.99827,8.001219,11.0,8.0,10.9990962,-0.0009037999999996,-8.60761904761524,-0.0008262000000005,-7.868571428576191,0.010499999999999999,-0.010499999999999999,PASS,0.010499999999999999,-0.010499999999999999,PASS,100.0,-100.0,PASS,100.0,-100.0,PASS
11.99863,8.001543,12.0,8.0,11.9997191,-0.0002808999999999,-2.5536363636354547,-0.0010890999999997,-9.900909090906366,0.011,-0.011,PASS,0.011,-0.011,PASS,100.0,-100.0,PASS,100.0,-100.0,PASS
13.00001,8.001219,13.0,8.0,13.000504,0.0005039999999993,4.382608695646088,-0.0004939999999997,-4.295652173910434,0.0115,-0.0115,PASS,0.0115,-0.0115,PASS,100.0,-100.0,PASS,100.0,-100.0,PASS
13.99839,8.001543,14.0,8.0,13.9991384,-0.0008616000000003,-7.1800000000025,-0.000748399999999,-6.2366666666583335,0.012,-0.012,PASS,0.012,-0.012,PASS,100.0,-100.0,PASS,100.0,-100.0,PASS
14.99982,8.001219,15.0,8.0,14.9997532,-0.0002467999999993,-1.9743999999944002,6.67999999990343e-05,0.5343999999922744,0.0125,-0.0125,PASS,0.0125,-0.0125,PASS,100.0,-100.0,PASS,100.0,-100.0,PASS
16.00026,8.001219,16.0,8.0,16.0002907,0.0002907000000007,2.23615384615923,-3.069999999993911e-05,-0.23615384615337776,0.013000000000000001,-0.013000000000000001,PASS,0.013000000000000001,-0.013000000000000001,PASS,100.0,-100.0,PASS,100.0,-100.0,PASS
16.9987,8.001543,17.0,8.0,16.9988941,-0.0011058999999988,-8.191851851842962,-0.0001941000000016,-1.4377777777896295,0.013500000000000002,-0.013500000000000002,PASS,0.013500000000000002,-0.013500000000000002,PASS,100.0,-100.0,PASS,100.0,-100.0,PASS
17.99918,8.001543,18.0,8.0,17.9994319,-0.0005680999999988,-4.057857142848571,-0.000251900000002,-1.7992857142999998,0.014000000000000002,-0.014000000000000002,PASS,0.014000000000000002,-0.014000000000000002,PASS,100.0,-100.0,PASS,100.0,-100.0,PASS
18.99968,8.001219,19.0,8.0,19.0000225,2.250000000003638e-05,0.15517241379335434,-0.0003424999999985,-2.3620689655068965,0.014499999999999999,-0.014499999999999999,PASS,0.014499999999999999,-0.014499999999999999,PASS,100.0,-100.0,PASS,100.0,-100.0,PASS
20.0002,8.001543,20.0,8.0,20.0004975,0.0004975000000015,3.316666666676667,-0.000297500000002,-1.9833333333466665,0.015,-0.015,PASS,0.015,-0.015,PASS,100.0,-100.0,PASS,100.0,-100.0,PASS
1.000936,9.002159,1.0,9.0,1.00016709,0.0001670899999999,3.037999999998182,0.0007689100000001,13.980181818183638,0.0055,-0.0055,PASS,0.0055,-0.0055,PASS,100.0,-100.0,PASS,100.0,-100.0,PASS
2.000071,9.002159,2.0,9.0,2.00040484,0.0004048399999998,6.747333333330001,-0.0003338399999996,-5.563999999993333,0.006,-0.006,PASS,0.006,-0.006,PASS,100.0,-100.0,PASS,100.0,-100.0,PASS
2.999226,9.002159,3.0,9.0,2.99890699,-0.0010930099999999,-16.81553846153692,0.0003190100000001,4.907846153847692,0.006500000000000001,-0.006500000000000001,PASS,0.006500000000000001,-0.006500000000000001,PASS,100.0,-100.0,PASS,100.0,-100.0,PASS
3.998403,9.002159,4.0,9.0,3.99934591,-0.0006540899999998,-9.34414285714,-0.00094291,-13.470142857142859,0.007,-0.007,PASS,0.007,-0.007,PASS,100.0,-100.0,PASS,100.0,-100.0,PASS
4.99861,9.002483,5.0,9.0,4.99976806,-0.0002319399999999,-3.0925333333319998,-0.0011580599999998,-15.440799999997331,0.0075,-0.0075,PASS,0.0075,-0.0075,PASS,100.0,-100.0,PASS,100.0,-100.0,PASS
5.999847,9.002483,6.0,9.0,6.00025786,0.0002578599999996,3.2232499999949997,-0.0004108599999996,-5.135749999995,0.008,-0.008,PASS,0.008,-0.008,PASS,100.0,-100.0,PASS,100.0,-100.0,PASS
6.998078,9.002483,7.0,9.0,6.9988763,-0.0011236999999999,-13.219999999998825,-0.0007983000000004,-9.391764705887057,0.0085,-0.0085,PASS,0.0085,-0.0085,PASS,100.0,-100.0,PASS,100.0,-100.0,PASS
7.998348,9.002483,8.0,9.0,7.99936938,-0.0006306199999999,-7.006888888887776,-0.00102138,-11.348666666666665,0.009000000000000001,-0.009000000000000001,PASS,0.009000000000000001,-0.009000000000000001,PASS,100.0,-100.0,PASS,100.0,-100.0,PASS
8.998638,9.002159,9.0,9.0,8.99992566,-7.433999999939545e-05,-0.7825263157831098,-0.0012876600000009,-13.554315789483157,0.009500000000000001,-0.009500000000000001,PASS,0.009500000000000001,-0.009500000000000001,PASS,100.0,-100.0,PASS,100.0,-100.0,PASS
9.997941,9.002159,10.0,9.0,9.99849959,-0.0015004100000002,-15.004100000002,-0.0005585899999989,-5.585899999989,0.01,-0.01,PASS,0.01,-0.01,PASS,100.0,-100.0,PASS,100.0,-100.0,PASS
10.99827,9.002483,11.0,9.0,10.999059,-0.0009409999999991,-8.961904761896191,-0.000789000000001,-7.514285714295238,0.010499999999999999,-0.010499999999999999,PASS,0.010499999999999999,-0.010499999999999999,PASS,100.0,-100.0,PASS,100.0,-100.0,PASS
11.99964,9.002483,12.0,9.0,11.9996342,-0.0003658000000008,-3.325454545461818,5.800000000277805e-06,0.052727272729798234,0.011,-0.011,PASS,0.011,-0.011,PASS,100.0,-100.0,PASS,100.0,-100.0,PASS
13.00001,9.002483,13.0,9.0,13.0005095,0.0005094999999997,4.430434782606087,-0.0004995,-4.343478260869565,0.0115,-0.0115,PASS,0.0115,-0.0115,PASS,100.0,-100.0,PASS,100.0,-100.0,PASS
13.99839,9.002483,14.0,9.0,13.9991068,-0.0008932000000001,-7.4433333333341665,-0.0007167999999992,-5.973333333326667,0.012,-0.012,PASS,0.012,-0.012,PASS,100.0,-100.0,PASS,100.0,-100.0,PASS
14.99881,9.002483,15.0,9.0,14.9997034,-0.0002966000000004,-2.3728000000032,-0.0008933999999989,-7.1471999999912,0.0125,-0.0125,PASS,0.0125,-0.0125,PASS,100.0,-100.0,PASS,100.0,-100.0,PASS
16.00026,9.002483,16.0,9.0,16.0003347,0.0003346999999997,2.5746153846130766,-7.469999999898391e-05,-0.5746153846075684,0.013000000000000001,-0.013000000000000001,PASS,0.013000000000000001,-0.013000000000000001,PASS,100.0,-100.0,PASS,100.0,-100.0,PASS
16.9987,9.002159,17.0,9.0,16.9989002,-0.0010997999999986,-8.146666666656294,-0.0002002000000018,-1.4829629629762962,0.013500000000000002,-0.013500000000000002,PASS,0.013500000000000002,-0.013500000000000002,PASS,100.0,-100.0,PASS,100.0,-100.0,PASS
1.000936,10.00308,1.0,10.0,1.00014328,0.00014328,2.6050909090909093,0.0007927199999999,14.413090909089094,0.0055,-0.0055,PASS,0.0055,-0.0055,PASS,100.0,-100.0,PASS,100.0,-100.0,PASS
2.000071,10.00341,2.0,10.0,2.00039076,0.0003907600000001,6.512666666668333,-0.00031976,-5.3293333333333335,0.006,-0.006,PASS,0.006,-0.006,PASS,100.0,-100.0,PASS,100.0,-100.0,PASS
2.998217,10.00341,3.0,10.0,2.99888404,-0.0011159599999999,-17.168615384613844,-0.0006670400000001,-10.262153846155384,0.006500000000000001,-0.006500000000000001,PASS,0.006500000000000001,-0.006500000000000001,PASS,100.0,-100.0,PASS,100.0,-100.0,PASS
3.998403,10.00341,4.0,10.0,3.99931382,-0.0006861800000002,-9.802571428574286,-0.0009108199999996,-13.011714285708573,0.007,-0.007,PASS,0.007,-0.007,PASS,100.0,-100.0,PASS,100.0,-100.0,PASS
4.99861,10.00341,5.0,10.0,4.99979335,-0.0002066499999999,-2.755333333332,-0.0011833499999998,-15.777999999997332,0.0075,-0.0075,PASS,0.0075,-0.0075,PASS,100.0,-100.0,PASS,100.0,-100.0,PASS
5.999847,10.00341,6.0,10.0,6.0002504,0.0002503999999996,3.129999999995,-0.0004033999999997,-5.04249999999625,0.008,-0.008,PASS,0.008,-0.008,PASS,100.0,-100.0,PASS,100.0,-100.0,PASS
6.998078,10.00341,7.0,10.0,6.99882776,-0.0011722399999998,-13.791058823527058,-0.0007497600000005,-8.820705882358823,0.0085,-0.0085,PASS,0.0085,-0.0085,PASS,100.0,-100.0,PASS,100.0,-100.0,PASS
7.998348,10.00341,8.0,10.0,7.99935131,-0.0006486900000002,-7.207666666668889,-0.0010033099999997,-11.147888888885554,0.009000000000000001,-0.009000000000000001,PASS,0.009000000000000001,-0.009000000000000001,PASS,100.0,-100.0,PASS,100.0,-100.0,PASS
8.999648,10.00341,9.0,10.0,8.999929,-7.100000000015427e-05,-0.7473684210542554,-0.0002809999999993,-2.957894736834736,0.009500000000000001,-0.009500000000000001,PASS,0.009500000000000001,-0.009500000000000001,PASS,100.0,-100.0,PASS,100.0,-100.0,PASS
9.997941,10.00373,10.0,10.0,9.99847781,-0.0015221899999993,-15.221899999993,-0.0005368099999998,-5.368099999998,0.01,-0.01,PASS,0.01,-0.01,PASS,100.0,-100.0,PASS,100.0,-100.0,PASS
10.99827,10.00341,11.0,10.0,10.9990819,-0.0009180999999998,-8.74380952380762,-0.0008119000000004,-7.732380952384762,0.010499999999999999,-0.010499999999999999,PASS,0.010499999999999999,-0.010499999999999999,PASS,100.0,-100.0,PASS,100.0,-100.0,PASS
11.99863,10.00373,12.0,10.0,11.9996799,-0.0003200999999997,-2.9099999999972725,-0.0010498999999999,-9.544545454544545,0.011,-0.011,PASS,0.011,-0.011,PASS,100.0,-100.0,PASS,100.0,-100.0,PASS
13.00001,10.00373,13.0,10.0,13.0004969,0.0004968999999999,4.3208695652165225,-0.0004869000000002,-4.233913043479999,0.0115,-0.0115,PASS,0.0115,-0.0115,PASS,100.0,-100.0,PASS,100.0,-100.0,PASS
13.99839,10.00373,14.0,10.0,13.9991197,-0.0008803000000003,-7.335833333335833,-0.000729699999999,-6.080833333325001,0.012,-0.012,PASS,0.012,-0.012,PASS,100.0,-100.0,PASS,100.0,-100.0,PASS
14.99881,10.00373,15.0,10.0,14.9996527,-0.0003472999999996,-2.7783999999968003,-0.0008426999999997,-6.741599999997599,0.0125,-0.0125,PASS,0.0125,-0.0125,PASS,100.0,-100.0,PASS,100.0,-100.0,PASS
16.00026,10.00373,16.0,10.0,16.000234,0.0002339999999989,1.7999999999915381,2.600000000185787e-05,0.2000000000142913,0.013000000000000001,-0.013000000000000001,PASS,0.013000000000000001,-0.013000000000000001,PASS,100.0,-100.0,PASS,100.0,-100.0,PASS
